Artist(s)_Name,Track_name,Streams
Latto Jung Kook,Seven (feat. Latto) (Explicit Ver.),141381703
Myke Towers,LALA,133716286
Olivia Rodrigo,vampire,140003974
Taylor Swift,Cruel Summer,800840817
Bad Bunny,WHERE SHE GOES,303236322
Dave Central Cee,Sprinter,183706234
Eslabon Armado Peso Pluma,Ella Baila Sola,725980112
Quevedo,Columbia,58149378
Gunna,fukumean,95217315
Peso Pluma Yng Lvcas,La Bebe - Remix,553634067
Bad Bunny Grupo Frontera,un x100to,505671438
NewJeans,Super Shy,58255150
Miley Cyrus,Flowers,1316855716
David Kushner,Daylight,387570742
Harry Styles,As It Was,2513188493
SZA,Kill Bill,1163093654
Fifty Fifty,Cupid - Twin Ver.,496795686
Billie Eilish,"What Was I Made For? [From The Motion Picture ""Barbie""]",30546883
Feid Young Miko,Classy 101,335222234
Jimin,Like Crazy,363369738
Gabito Ballesteros Junior H Peso Pluma,LADY GAGA,86444842
Taylor Swift,I Can See You (Taylorï¿½ï¿½ï¿½s Version) ,52135248
Arctic Monkeys,I Wanna Be Yours,1297026226
Bizarrap Peso Pluma,Peso Pluma: Bzrp Music Sessions Vol. 55,200647221
The Weeknd Madonna Playboi Carti,Popular (with Playboi Carti & Madonna) - The Idol Vol. 1 (Music from the HBO Original Series),115364561
Fuerza Regida,SABOR FRESA,78300654
Rï¿½ï¿½ma Selena G,Calm Down (with Selena Gomez),899183384
Tainy Bad Bunny,MOJABI GHOST,61245289
Morgan Wallen,Last Night,429829812
Dua Lipa,Dance The Night (From Barbie The Album),127408954
Troye Sivan,Rush,22581161
Peso Pluma Grupo Frontera,TULUM,52294266
The Weeknd 21 Savage Metro Boomin,Creepin',843957510
Taylor Swift,Anti-Hero,999748277
Karol G Shakira,TQG,618990393
Big One Duki Lit Killah Maria Becerra FMK Rusherking Emilia Tiago pzk,Los del Espacio,123122413
Yahritza Y Su Esencia Grupo Frontera,Frï¿½ï¿½gil (feat. Grupo Front,188933502
Taylor Swift,Blank Space,1355959075
Taylor Swift,Style,786181836
Fuerza Regida,TQM,176553476
Junior H Peso Pluma,El Azul,354495408
Post Malone Swae Lee,Sunflower - Spider-Man: Into the Spider-Verse,2808096550
Bebe Rexha David Guetta,I'm Good (Blue),1109433169
Tyler The Creator Kali Uchis,See You Again,1047101291
Nicki Minaj Aqua Ice Spice,Barbie World (with Aqua) [From Barbie The Album],65156199
Miley Cyrus,Angels Like You,570515054
OneRepublic,I Ain't Worried,1085685420
The Weeknd,Die For You,1647990401
The Weeknd Daft Punk,Starboy,2565529693
Ariana Grande The Weeknd,Die For You - Remix,518745108
Feid Myke Towers Sky Rompiendo,El Cielo,107753850
David Guetta Anne-Marie Coi Leray,Baby Don't Hurt Me,177740666
Karol G,AMARGURA,153372011
Peggy Gou,(It Goes Like) Nanana - Edit,57876440
Tom Odell,Another Love,1813673666
The Weeknd,Blinding Lights,3703895074
Kali Uchis,Moonlight,256483385
Manuel Turizo,La Bachata,1214083358
Karol G,S91,16011326
Taylor Swift,cardigan,812019557
dennis MC Kevin o Chris,Tï¿½ï¿,111947664
PinkPantheress Ice Spice,Boy's a liar Pt. 2,156338624
Charlie Puth BTS Jung Kook,Left and Right (Feat. Jung Kook of BTS),720434240
Rauw Alejandro ROSALï¿½,BESO,357925728
Ozuna Feid,Hey Mor,674072710
Chris Molitor,Yellow,1755214421
Taylor Swift,Karma,404562836
Libianca,People,373199958
Post Malone,Overdrive,14780425
Taylor Swift,Enchanted (Taylor's Version),39578178
Rauw Alejandro Bizarrap,BABY HELLO,54266102
Glass Animals,Heat Waves,2557975762
JVKE,golden hour,751134527
The Neighbourhood,Sweater Weather,2282771485
Bizarrap Quevedo,Quevedo: Bzrp Music Sessions Vol. 52,1356565093
Coldplay,Viva La Vida,1592909789
d4vd,Here With Me,635412045
Sam Smith Kim Petras,Unholy (feat. Kim Petras),1230675890
Yandel Feid,Yandel 150,585695368
Maria Becerra,CORAZï¿½ï¿½N VA,43857627
Vance Joy,Riptide,2009094673
Em Beihold Stephen Sanchez,Until I Found You (with Em Beihold) - Em Beihold Version,600976848
Mc Livinho DJ Matt D,Novidade na ï¿½ï¿,39709092
Taylor Swift,Back To December (Taylor's Version),39228929
Justin Bieber The Kid Laroi,STAY (with Justin Bieber),2665343922
Marshmello Manuel Turizo,El Merengue,223633238
Lewis Capaldi,Someone You Loved,2887241814
Chencho Corleone Bad Bunny,Me Porto Bonito,1440757818
Jain,Makeba,165484133
Ayparia unxbected,MONTAGEM - FR PUNK,58054811
Luke Combs,Fast Car,157058870
Doechii,What It Is (Solo Version),95131998
Bad Bunny Eladio Carrion,Coco Chanel,250305248
Taylor Swift,Donï¿½ï¿½ï¿½t Bl,685032533
Jung Kook,Still With You,38411956
J. Cole Lil Durk,All My Life (feat. J. Cole),144565150
Lana Del Rey,Say Yes To Heaven,127567540
SZA,Snooze,399686758
Lana Del Rey,Summertime Sadness,983637508
BTS,Take Two,118482347
Taylor Swift,Lover,882831184
Future Metro Boomin Don Toliver,Too Many Nights (feat. Don Toliver & with Future),286400165
Post Malone,Chemical,172825906
Eminem,Mockingbird,1241559043
NewJeans,New Jeans,29562220
Carin Leon,Primera Cita,77309611
Dua Lipa Elton John Pnau,Cold Heart - PNAU Remix,1605224506
Ruth B.,Dandelions,1116995633
Imagine Dragons,Bones,838079900
Adele,Set Fire to the Rain,1163620694
Kendrick Lamar Jay Rock,Money Trees,1093605526
Anggi Marito,Tak Segampang Itu,179659294
Jasiel Nuï¿½ï¿½ez Peso P,LAGUNAS,39058561
Taylor Swift,Mine (Taylor's Version),36912123
Tears For Fears,Everybody Wants To Rule The World,1205951614
J. Cole,No Role Modelz,1791000570
Loreen,Tattoo,201660859
Taiu Milo j,Rara Vez,248088961
Sebastian Yatra Manuel Turizo Beï¿½ï,VAGABUNDO,90839753
Taylor Swift,august,607123776
Junior H Peso Pluma,LUNA,55842345
Calvin Harris Ellie Goulding,Miracle (with Ellie Goulding),211050784
Sabrina Carpenter,Nonsense,342897938
Carin Leon Grupo Frontera,Que Vuelvas,2762
Peso Pluma,Por las Noches,330346424
Feid,Feliz Cumpleaï¿½ï¿½os Fe,601863821
Ray Dalton Ryan Lewis Macklemore,Can't Hold Us (feat. Ray Dalton),1953533826
Harry Styles,Watermelon Sugar,2322580122
Billie Eilish Khalid,lovely - Bonus Track,2355719893
Rauw Alejandro Bizarrap,Rauw Alejandro: Bzrp Music Sessions Vol. 56,66902503
(G)I-DLE,Queencard,96273746
NewJeans,OMG,430977451
Lana Del Rey,Radio,284819874
Shakira Bizarrap,Shakira: Bzrp Music Sessions Vol. 53,721975598
Arctic Monkeys,505,1217120710
Swae Lee A Boogie Wit da Hoodie Metro Boomin NAV,Calling (Spider-Man: Across the Spider-Verse) (Metro Boomin & Swae Lee NAV feat. A Boogie Wit da Hoodie),109276132
Travis Scott Young Thug Metro Boomin,Trance (with Travis Scott & Young Thug),276259178
Sachin-Jigar Shadab Faridi Altamash Faridi Amitabh Bhattacharya Varun Jain,"Tere Vaaste (From ""Zara Hatke Zara Bachke"")",54225632
Ed Sheeran,Perfect,2559529074
d4vd,Romantic Homicide,681583126
Imagine Dragons,Believer,2594040133
Veigh Bvga Beatz Supernova Ent Prod Malax,Novo Balanï¿½,81102253
Mc Pedrinho DJ 900,Gol Bolinha Gol Quadrado 2,11956641
Eminem,Without Me,1687664027
Sog Ryan Castro Peso Pluma,QUEMA,11599388
The Weeknd Lana Del Rey,Stargirl Interlude,611700552
Bomba Estï¿½ï¿½reo Bad B,Ojitos Lindos,1133865788
Keane,Somewhere Only We Know,1089402494
New West,Those Eyes,411747614
Chino Pacas,El Gordo Trae El Mando,255932395
Natanael Cano,Mi Bello Angel,31873544
Peso Pluma,Bye,95053634
Don Omar Lucenzo,Danza Kuduro,1279434863
Ana Castela AgroPlay,Nosso Quadro,233801632
Bruno Mars,Locked Out Of Heaven,1481349984
Big One FMK Ke personajes,Un Finde | CROSSOVER #2,142095275
Drake 21 Savage,Jimmy Cooks (feat. 21 Savage),618885532
OneRepublic,Counting Stars,2011464183
Justin Bieber,Ghost,1167330737
Chris Brown,Under The Influence,929964809
Natanael Cano Peso Pluma,PRC,436027885
Daddy Yankee,Gasolina,657723613
Drake WizKid Kyla,One Dance,2713922350
Taylor Swift,Enchanted,621660989
The Weeknd,Save Your Tears,1591223784
Miguel,Sure Thing,950906471
The Police,Every Breath You Take - Remastered 2003,1593270737
Lord Huron,The Night We Met,1410088830
Rihanna Calvin Harris,We Found Love,1235005533
Bruno Mars,When I Was Your Man,1661187319
Alec Benjamin,Let Me Down Slowly,1374581173
A$AP Rocky Metro Boomin Roisee,Am I Dreaming (Metro Boomin & A$AP Rocky Roisee),94186466
Arctic Monkeys,Do I Wanna Know?,1788326445
Imagine Dragons,Demons,1840364617
YOASOBI,ýýýýýýýýýýýý,143573775
The Weeknd,Reminder,684675814
Taylor Swift,Shake It Off,1113838873
Arctic Monkeys,Why'd You Only Call Me When You're High?,1267333350
Rosa Linn,SNAP,726307468
Ed Sheeran,Shape of You,3562543890
One Direction,Night Changes,1131090940
Oscar Maydon Junior H,Fin de Semana,307370144
Radiohead,Creep,1271293243
James Arthur,Car's Outside,265882712
Cigarettes After Sex,Apocalypse,841749534
Shubh,Cheques,47956378
Frank Ocean,Pink + White,806397070
Post Malone,Circles,2132335812
Bruno Mars,Just The Way You Are,1641426668
Hozier,Take Me To Church,2135158446
Fuerza Regida Grupo Frontera,Bebe Dame,367316268
Taylor Swift,You Belong With Me (Taylorï¿½ï¿½ï¿½s Ve,350381515
Bad Bunny,Titi Me Preguntï¿,1264310836
Taylor Swift,Better Than Revenge (Taylor's Version),30343206
Hotel Ugly,Shut up My Moms Calling,405136812
Creedence Clearwater Revival,Have You Ever Seen The Rain?,1145727611
Plan B,Es un Secreto,540654286
Feid Mora Saiko Quevedo,POLARIS - Remix,57312735
NewJeans,Ditto,397582059
a-ha,Take On Me,1479115056
Swae Lee Lil Wayne Offset Metro Boomin,Annihilate (Spider-Man: Across the Spider-Verse) (Metro Boomin & Swae Lee Lil Wayne Offset),86773632
Kodak Black NLE Choppa Muni Long JVKE Jimin,Angel Pt 1 (feat. Jimin of BTS JVKE & Muni Long),133753727
Shakira,Acrï¿½ï¿½s,123124076
Natanael Cano Gabito Ballesteros Peso Pluma,AMG,463564958
Arijit Singh Sachin-Jigar Amitabha Bhattacharya,"Phir Aur Kya Chahiye (From ""Zara Hatke Zara Bachke"")",64533040
Stray Kids,S-Class,65496046
Taylor Swift,Hits Different,68616963
Becky G Peso Pluma,Chanel,161460990
Metro Boomin Coi Leray,Self Love (Spider-Man: Across the Spider-Verse) (Metro Boomin & Coi Leray),70106975
Kaliii Kaliii,Area Codes,113509496
Junior H Eden Muï¿½ï,Abcdario,89933133
Abhijay Sharma Riar Saab,Obsessed,71007139
Semicenk Doï¿½ï¿½u ,Piï¿½ï¿½man Deï¿,43522589
JISOO,FLOWER,232896922
Future Lil Uzi Vert Metro Boomin,All The Way Live (Spider-Man: Across the Spider-Verse) (Metro Boomin & Future Lil Uzi Vert),37126685
Ed Sheeran,Eyes Closed,195576623
RAYE 070 Shake,Escapism.,532336353
Arcangel Bad Bunny,La Jumpa,538115192
Taylor Swift Ice Spice,Karma (feat. Ice Spice),46142772
Future Chris Brown Metro Boomin,Superhero (Heroes & Villains) [with Future & Chris Brown],401036314
BLESSD Peso Pluma,Las Morras,127026613
Feid,CHORRITO PA LAS ANIMAS,345031710
Fuerza Regida Natanael Cano,Ch y la Pizza,288101651
Lana Del Rey Taylor Swift,Snow On The Beach (feat. More Lana Del Rey),60350538
Coi Leray,Players,335074782
ENHYPEN,Bite Me,76767396
Lil Durk Morgan Wallen,Stand By Me (feat. Morgan Wallen),46065667
Feid,Normal,459276435
James Blake Metro Boomin,Hummingbird (Metro Boomin & James Blake),39666245
Israel & Rodolffo Mari Fernandez,Seu Brilho Sumiu - Ao Vivo,138517666
Steve Lacy,Bad Habit,822633917
Beyoncï¿,CUFF IT,595900742
Halsey Suga,Lilith (feat. SUGA of BTS) (Diablo IV Anthem),51985779
Nicky Jam Feid,69,57945987
Sean Paul Feid,Niï¿½ï¿½a Bo,115010040
Drake,Search & Rescue,175097833
Kendrick Lamar Beyoncï¿,AMERICA HAS A PROBLEM (feat. Kendrick Lamar),57089066
Taylor Swift,Lavender Haze,488386797
WizKid Toian Metro Boomin Don Toliver Beam,Link Up (Metro Boomin & Don Toliver Wizkid feat. BEAM & Toian) - Spider-Verse Remix (Spider-Man: Across the Spider-Verse ),32761689
Bad Bunny,Efecto,1047480053
Simone Mendes,Erro Gostoso - Ao Vivo,153454328
Tini,Cupido,217672943
Lil Uzi Vert,Just Wanna Rock,457184829
Sia,Unstoppable,939844851
Stephen Sanchez,Until I Found You,726434358
Drake 21 Savage,Rich Flex,573633020
Adele,Easy On Me,1406111294
MC Caverinha KayBlack,Cartï¿½ï¿½o B,71573339
Offset JID,Danger (Spider) (Offset & JID),24975653
Zï¿½ï¿½ Neto & Crist,Oi Balde - Ao Vivo,145458418
Eminem,The Real Slim Shady,1424589568
Migrantes LiL CaKe Nico Valdi,MERCHO,231332117
Tory Lanez,The Color Violet,415932686
Joji,Glimpse of Us,988515741
Mambo Kingz DJ Luian Anuel Aa,Mejor Que Yo,50847624
Ed Sheeran,Curtains,39893489
Nile Rodgers LE SSERAFIM,UNFORGIVEN (feat. Nile Rodgers),92035115
Agust D,Haegeum,118810253
Rich The Kid Matuï¿,Conexï¿½ï¿½es de Mï¿½ï¿½fia (feat. Rich ,77233241
Karol G,MIENTRAS ME CURO DEL CORA,206399629
Labrinth,Never Felt So Alone,117747907
Karol G Romeo Santos,X SI VOLVEMOS,266624541
Lizzy McAlpine,ceilings,293186992
Fifty Fifty,Cupid,139681964
IVE,I AM,123132751
sped up 8282,Cupid ï¿½ï¿½ï¿½ Twin Ver. (FIFTY FIFTY) ï¿½ï¿½ï¿½ Spe,103762518
Cartel De Santa La Kelly,Shorty Party,162887075
SEVENTEEN,Super,91221625
NLE Choppa,Slut Me Out,190490915
The Weeknd Future,Double Fantasy (with Future),96180277
Taylor Swift,All Of The Girls You Loved Before,185240616
Karol G,PROVENZA,885093467
Nicki Minaj Ice Spice,Princess Diana (with Nicki Minaj),104992946
Grupo Marca Registrada Grupo Frontera,Di Que Si,147290338
Ed Sheeran,Shivers,1302184087
Fuerza Regida Peso Pluma,Igualito a Mi Apï¿,158950978
TAEYANG Lisa,Shoong! (feat. LISA of BLACKPINK),76910644
Raim Laode,Komang,137123880
ROSALï¿½,DESPECHï¿,782369383
Meghan Trainor,Made You Look,502574952
sped up nightcore ARIZONATEARS Lil Uzi Vert,Watch This - ARIZONATEARS Pluggnb Remix,207033255
Grupo Frontera,No Se Va,404887295
Quevedo,Punto G,381161027
TV Girl,Lovers Rock,466231982
INTERWORLD,METAMORPHOSIS,357580552
Quevedo Jhayco,Mami Chula,61105704
El Chachito Junior H,En Paris,198275403
Jimin,Set Me Free Pt.2,168448603
The Weeknd Gesaffelstein,I Was Never There,705469769
RM Colde,Don't ever say love me (feat. RM of BTS),34502215
BLACKPINK,Shut Down,482175240
Nengo Flow Bad Bunny,Gato de Noche,304118600
The Weeknd,Call Out My Name,1449799467
Jimin,Like Crazy (English Version),173627354
Jasiel Nuï¿½ï¿½ez Peso P,Rosa Pastel,90025258
Nicky Youre Dazy,Sunroof,652704649
Eminem,Lose Yourself - Soundtrack Version,1829992958
Eminem Dina Rae,Superman,655466831
Mambo Kingz DJ Luian Anuel Aa,Mas Rica Que Ayer,146409671
IU Agust D,People Pt.2 (feat. IU),95816024
Feid,REMIX EXCLUSIVO,117206995
Arcangel Bizarrap,Arcï¿½ï¿½ngel: Bzrp Music Sessions Vol,100409613
Tyler The Creator,DOGTOOTH,80758350
Tiï¿½ï¿½sto Tate M,10:35,325592432
Tyler The Creator,SORRY NOT SORRY,58473276
NF,HAPPY,52722996
Yng Lvcas,La Bebe,191945597
Kanii PR1ISVX,I Know - PR1SVX Edit,77377503
Harry Styles,Late Night Talking,743693613
Marï¿½ï¿½lia Mendo,Leï¿½,267789608
Ariana Grande The Weeknd,Save Your Tears (with Ariana Grande) (Remix),1221813483
Zach Bryan,Something in the Orange,449701773
Melanie Martinez,VOID,67070410
Fuerza Regida Chino Pacas,Dijeron Que No La Iba Lograr,116334601
Taylor Swift,Midnight Rain,433356509
Mae Stephens,If We Ever Broke Up,165584767
Morgan Wallen,You Proof,367814306
Feid Mora,LA INOCENTE,477033549
Kenia OS,Malas Decisiones,156214700
Kordhell,Murder In My Mind,448843705
Coolio L.V.,Gangsta's Paradise,1357608774
Karol G Ovy On The Drums,CAIRO,294352144
The Walters,I Love You So,972164968
Steve Lacy,Dark Red,920045682
James Arthur,Say You Won't Let Go,2420461338
The Weeknd,The Hills,1947371785
Mac DeMarco,Heart To Heart,244658767
Jack Black,Peaches (from The Super Mario Bros. Movie),68216992
Duki NICKI NICOLE Cris Mj Standly Stars Music Chile,Marisola - Remix,223582566
Brray Rauw Alejandro Lyanno,LOKERA,471819764
SZA,Low,272377463
Linkin Park,Numb,1361425037
Gorillaz Bad Bunny,Tormenta (feat. Bad Bunny),149778242
j-hope J. Cole,on the street (with J. Cole),116599790
Morgan Wallen,One Thing At A Time,148469433
Robin Schulz Oliver Tree,Miss You,497225336
Morgan Wallen,Ainï¿½ï¿½ï¿½t Tha,88791109
Morgan Wallen,Thinkinï¿½ï¿½ï¿½ B,125917280
Don Toliver Future Justin Bieber,Private Landing (feat. Justin Bieber & Future),105062254
Morgan Wallen,Everything I Love,95623148
Niall Horan,Heaven,144584800
Central Cee,LET GO,298063749
Mahalini,Sial,166570053
Morgan Wallen,I Wrote The Book,83021468
Arijit Singh Sachin-Jigar,"Apna Bana Le (From ""Bhediya"")",139836056
ThxSoMch,SPIT IN MY FACE!,303216294
Myke Towers Quevedo,PLAYA DEL INGLï¿½,221409663
Morgan Wallen Eric Church,Man Made A Bar (feat. Eric Church),58890931
Nicki Minaj,Red Ruby Da Sleeze,81419389
Kaifi Khalil,Kahani Suno 2.0,156777415
SZA,Nobody Gets Me,284908316
Karol G Quevedo,PERO Tï¿,93438910
NewJeans,Hype Boy,363472647
Lady Gaga,Bloody Mary,372476382
Ozuna Shakira,Monotonï¿½,380726517
Morgan Wallen,ýýý98 Braves,56533272
Quevedo,WANDA,175399345
Morgan Wallen,Thought You Should Know,203221468
Linkin Park,In The End,1624165576
Leo Santana,Zona De Perigo,134294498
Treyce,Lovezinho,70069745
Post Malone Doja Cat,I Like You (A Happier Song) (with Doja Cat),609293408
Bad Bunny,Neverita,671365962
Quevedo,Vista Al Mar,362361576
MC Xenon Os Gemeos da Putaria,Sem Alianï¿½ï¿½a no ,93587665
Imagine Dragons League of Legends JID Arcane,Enemy (with JID) - from the series Arcane League of Legends,1223481149
XXXTENTACION,Revenge,1022258230
Israel & Rodolffo Ana Castela,Bombonzinho - Ao Vivo,263453310
J Balvin Bad Bunny,LA CANCIï¿½,1435127549
Yuridia Angela Aguilar,Quï¿½ï¿½ Ago,236857112
The Kid Laroi,Love Again,147538971
The Weeknd,After Hours,698086140
Lizzo,About Damn Time,723894473
Morgan Wallen,Born With A Beer In My Hand,34450974
Fujii Kaze,ýýýýýýýýýýýýýýýýýýýýý,403097450
Wisin & Yandel ROSALï¿½,Besos Moja2,309483971
King,Maan Meri Jaan,319566866
Bad Bunny,Moscow Mule,909001996
Coldplay BTS,My Universe,1061966512
Morgan Wallen,Devil Donï¿½ï¿½ï¿½,32526947
ROSALï¿½,LLYLM,124988687
Sam Smith Calvin Harris Jessie Reyez,I'm Not Here To Make Friends,103787664
P!nk,TRUSTFALL,134255790
LE SSERAFIM,ANTIFRAGILE,301051721
PinkPantheress,Boy's a liar,156338624
TAEYANG Jimin,VIBE (feat. Jimin of BTS),152850295
SZA,Shirt,309653982
Rihanna,Lift Me Up - From Black Panther: Wakanda Forever - Music From and Inspired By,297328960
Lil Nas X,STAR WALKIN' (League of Legends Worlds Anthem),332506354
Beach Weather,Sex Drugs Etc.,480507035
Halsey BTS,Boy With Luv (feat. Halsey),1065580332
Baby Tate,Hey Mickey!,122763672
Rï¿½ï,Calm Down,445763624
Arijit Singh Vishal Dadlani Sukriti Kakar Vishal-Shekhar Shekhar Ravjiani Kumaar,Jhoome Jo Pathaan,1365184
RAYE 070 Shake,Escapism. - Sped Up,184308753
Beach House,Space Song,789753877
BTS Jung Kook FIFA Sound,Dreamers [Music from the FIFA World Cup Qatar 2022 Official Soundtrack],323358833
Shakira Rauw Alejandro,Te Felicito,606361689
Steve Aoki Tini La Joaqui,Muï¿½ï¿½,120972253
Billie Eilish,TV,338564981
Sam Smith,I'm Not The Only One,1606986953
Conan Gray,Heather,1301799902
Vishal-Shekhar Shilpa Rao Caralisa Monteiro Kumaar Vishal Dadlani Shekhar Ravjiani,"Besharam Rang (From ""Pathaan"")",140187018
Calvin Harris Dua Lipa,One Kiss (with Dua Lipa),1897517891
TOMORROW X TOGETHER,Sugar Rush Ride,107642809
BLACKPINK,Pink Venom,551305895
Drake Future Tems,WAIT FOR U (feat. Drake & Tems),556585270
Dua Lipa,Don't Start Now,2303033973
Mr.Kitty,After Dark,646886885
Gustavo Mioto Mari Fernandez,Eu Gosto Assim - Ao Vivo,222612678
Jack Harlow Lil Nas X,INDUSTRY BABY (feat. Jack Harlow),1814349763
Elley Duhï¿,MIDDLE OF THE NIGHT,872137015
Seafret,Atlantis,571386359
Baby Rasta Rauw Alejandro,PUNTO 40,304079786
DJ Escobar MC MENOR SG MC MENOR HR,Evoque Prata,174006928
Dean Lewis,How Do I Say Goodbye,284785823
SZA,Blind,163284000
Joji,Die For You,246390068
Central Cee,Doja,482257456
Bellakath,Gatita,168684524
Skrillex Flowdan Fred again..,Rumble,78489819
Travis Scott 21 Savage Metro Boomin,Niagara Falls (Foot or 2) [with Travis Scott & 21 Savage],195516622
Bad Bunny,Yonaguni,1260594497
Nicki Minaj,Super Freaky Girl,428685680
Kate Bush,Running Up That Hill (A Deal With God),1024858327
Aerosmith,Dream On,838586769
Freddie Dredd,Limbo,199386237
Lost Frequencies Calum Scott,Where Are You Now,972509632
Twisted Oliver Tree,WORTH NOTHING,213438580
Ed Sheeran,Bad Habits,1555511105
Kenshi Yonezu,KICK BACK,210038833
Omar Apollo,Evergreen (You Didnï¿½ï¿½ï¿½t Deserve Me A,227918678
SZA,Good Days,826623384
Dua Lipa DaBaby,Levitating (feat. DaBaby),1802514301
Doja Cat,Woman,1329090101
Hotel Ugly,Shut up My Moms Calling - (Sped Up),181831132
James Hype Miggy Dela Rosa,Ferrari,462791599
Taylor Swift,You're On Your Own Kid,348647203
Pritam Arijit Singh Amitabh Bhattacharya,"Kesariya (From ""Brahmastra"")",366599607
Styrx utku INC Thezth,Agudo Mï¿½ï¿½gi,90598517
Maroon 5 Wiz Khalifa,Payphone,1479264469
Mariah Carey,All I Want for Christmas Is You,1449779435
Wham!,Last Christmas,1159176109
Brenda Lee,Rockin' Around The Christmas Tree,769213520
Bobby Helms,Jingle Bell Rock,741301563
Michael Bublï¿,It's Beginning To Look A Lot Like Christmas,807561936
Ariana Grande,Santa Tell Me,834129063
Andy Williams,It's the Most Wonderful Time of the Year,663832097
Dean Martin,Let It Snow! Let It Snow! Let It Snow!,446390129
Sia,Snowman,690104769
Kelly Clarkson,Underneath the Tree,485285717
Josï¿½ï¿½ Felic,Feliz Navidad,520034544
Michael Bublï¿,Holly Jolly Christmas,476244795
Justin Bieber,Mistletoe,629173063
The Ronettes,Sleigh Ride,404664135
SZA,Seek & Destroy,98709329
SZA,Love Language,110849052
John Lennon The Harlem Community Choir The Plastic Ono Band Yoko Ono,Happy Xmas (War Is Over),460492795
SZA Don Toliver,Used (feat. Don Toliver),94005786
Burl Ives,A Holly Jolly Christmas - Single Version,395591396
Nat King Cole,The Christmas Song (Merry Christmas To You) - Remastered 1999,389771964
Paul McCartney,Wonderful Christmastime - Edited Version / Remastered 2011,403939487
Band Aid,Do They Know It's Christmas? - 1984 Version,481697415
SZA Phoebe Bridgers,Ghost in the Machine (feat. Phoebe Bridgers),110073250
SZA,Special,88092256
Shakin' Stevens,Merry Christmas Everyone,351636786
Frank Sinatra B. Swanson Quartet,Let It Snow! Let It Snow! Let It Snow!,473248298
SZA,SOS,73981293
SZA Travis Scott,Open Arms (feat. Travis Scott),155653938
Bing Crosby John Scott Trotter & His Orchestra Ken Darby Singers,White Christmas,395591396
Chris Rea,Driving Home for Christmas - 2019 Remaster,429504768
Darlene Love,Christmas (Baby Please Come Home),242767149
SZA,Gone Girl,65362788
SZA,F2F,67540165
SZA,Notice Me,62019074
Ed Sheeran Elton John,Merry Christmas,135723538
Perry Como The Fontane Sisters Mitchell Ayres & His Orchestra,It's Beginning to Look a Lot Like Christmas (with Mitchell Ayres & His Orchestra),295998468
Britney Spears,My Only Wish (This Year),261116938
Mabel Matiz Mert Demir,Antidepresan,136689549
RM,Wild Flower (with youjeen),135611421
SZA,I Hate U,356709897
Travis Scott Metro Boomin,Raindrops (Insane) [with Travis Scott],110649992
ThxSoMch,SPIT IN MY FACE!,301869854
Nat King Cole,Deck The Hall - Remastered 1999,127027715
SZA,Smoking on my Ex Pack,57144458
SZA,Conceited,56870689
Taylor Swift Lana Del Rey,Snow On The Beach (feat. Lana Del Rey),323437194
Taylor Swift,Maroon,317726339
Dj LK da Escï¿½ï¿½cia Tchakabum mc jhenny M,Tubarï¿½ï¿½o Te,116144341
Taylor Swift,Bejeweled,328207708
Bad Bunny Jhay Cortez,Tarot,608228647
Gwen Stefani Blake Shelton,You Make It Feel Like Christmas (feat. Blake Shelton),180577478
Chencho Corleone Rauw Alejandro,Desesperados,809306935
SZA,Too Late,49262961
Bad Bunny Rauw Alejandro,Party,614555082
Chuck Berry,Run Rudolph Run - Single Version,245350949
Frank Sinatra,Jingle Bells - Remastered 1999,178660459
SZA,Far,51641685
John Legend Metro Boomin,On Time (with John Legend),78139948
Maldy Karol G,GATï¿½ï¿½,322336177
Gayle,ýýýabcdefu,1007612429
The Weeknd,Sacrifice,326792833
The Weeknd,Is There Someone Else?,391251368
Lauren Spencer Smith Lauren Spencer Smith Lauren Spencer Smith,Fingers Crossed,349585590
The Weeknd,Out of Time,339659802
Cherish ACRAZE,Do It To It,674772936
Adassa Mauro Castillo Stephanie Beatriz Encanto - Cast Rhenzy Feliz Diane Guerrero Carolina Gaitan,We Don't Talk About Bruno,432719968
Farruko,Pepas,1309887447
The Weeknd,How Do I Make You Love Me?,119238316
The Weeknd,Gasoline,116903579
Jaymes Young,Infinity,888046992
The Weeknd,Less Than Zero,200660871
The Weeknd,Take My Breath,130655803
Olivia Rodrigo,good 4 u,1887039593
The Weeknd Tyler The Creator,Here We Goï¿½ï¿½ï¿½ Again (feat. Tyler the Cr,88103848
The Weeknd,Best Friends,101114984
SZA Doja Cat,Kiss Me More (feat. SZA),1575467011
The Weeknd Lil Wayne,I Heard You're Married (feat. Lil Wayne),91656026
Doja Cat,Need To Know,1042568408
Lil Nas X,MONTERO (Call Me By Your Name),1735441776
Ckay,love nwantiti (ah ah ah),726837877
The Weeknd,Dawn FM,53933526
Jessica Darrow,Surface Pressure,267758538
The Weeknd,Starry Eyes,74601456
Lil Nas X,THATS WHAT I WANT,920797189
The Weeknd Post Malone,One Right Now (with The Weeknd),539595276
Mï¿½ï¿½ne,Beggin,1367810478
Aitana zzoilo,Mon Amour - Remix,578207856
Julieta Venegas Bad Bunny Tainy,Lo Siento BB:/ (with Bad Bunny & Julieta Venegas),775542072
Lisa,MONEY,863625566
Tiï¿½ï¿½sto Ava,The Motto,656013912
Billie Eilish,Happier Than Ever,1056760045
The Weeknd Swedish House Mafia,Moth To A Flame (with The Weeknd),611994237
Juan Cruz Toledo Huilen Toledo,traitor,1230855859
BoyWithUke,Toxic,582981380
Olivia Rodrigo,drivers license,1858144199
Xamï¿½ï¿½ Gustah Neo B,Malvadï¿½ï¿,240684449
Taylor Swift,All Too Well (10 Minute Version) (Taylor's Version) (From The Vault),583687007
The Weeknd,Donï¿½ï¿½ï¿½t Break My,63803529
Adele,Oh My God,466214729
Lit Killah Maria Becerra Tiago pzk NICKI NICOLE,Entre Nosotros (Remix) [con Nicki Nicole],236940480
The Weeknd,A Tale By Quincy,41924466
Emmy Meli,I AM WOMAN,225259194
Justin Quiles Lenny Tavï¿½ï¿½rez BL,Medallo,393230256
Shawn Mendes,It'll Be Okay,287201015
The Neighbourhood,Softcore,599770206
Kodak Black,Super Gremlin,342779426
Aventura Bad Bunny,Volvï¿,673801126
Rauw Alejandro,Todo De Ti,1168642797
Ckay AX'EL Dj Yo!,Love Nwantiti - Remix,540539717
Bruno Mars Anderson .Paak Silk Sonic,Smokin Out The Window,383550148
THE ANXIETY Willow Tyler Cole,Meet Me At Our Spot,530511203
The Weeknd,Every Angel is Terrifying,37307967
Sebastian Yatra,Tacones Rojos,510876816
Justin Bieber Daniel Caesar Giveon,Peaches (feat. Daniel Caesar & Giveon),1445941661
Bad Bunny Jhay Cortez,Dakiti,1763363713
Bizarrap Tiago pzk,Tiago PZK: Bzrp Music Sessions Vol. 48,374191487
Stromae,Lï¿½ï¿½ï¿,108809090
Chris Brown Rvssian Rauw Alejandro,Nostï¿½ï¿½l,436695353
NEIKED Mae Muller Polo G,Better Days (NEIKED x Mae Muller x Polo G),421040617
Oliver Tree,Life Goes On,501541661
Kali Uchis Amaarae Moliy,Sad Girlz Luv Money Remix (feat. Kali Uchis),354065229
BTS,Butter,1143647827
Young Thug Future Gunna,pushin P (feat. Young Thug),311395144
Doja Cat The Weeknd,You Right,672656250
Olivia Rodrigo,deja vu,1256880657
BTS,Dynamite,1692897992
Jnr Choi,TO THE MOON,245095641
The Weeknd Gesaffelstein,Lost in the Fire,686734357
Trueno Tiago pzk,Salimo de Noche,261414174
Sech Bad Bunny Mora,Volando - Remix,610045621
Bruno Mars Anderson .Paak Silk Sonic,Leave The Door Open,1115880852
Drake Project Pat 21 Savage,Knife Talk (with 21 Savage ft. Project Pat),594482982
Tiï¿½ï¿½sto Kar,Don't Be Shy,566954746
Edison Lighthouse,Love Grows (Where My Rosemary Goes),0
The Weeknd ROSALï¿½,LA FAMA (with The Weeknd),374706940
Olga Merediz Stephanie Beatriz Encanto - Cast,The Family Madrigal,184937148
The Weeknd,Phantom Regret by Jim,31959571
Sebastian Yatra,Dos Oruguitas,167076418
Surf Curse,Freaks,824420218
Jason Derulo,Acapulco,363467642
The Neighbourhood,Daddy Issues,1127468248
21 Savage Gunna,thought i was playing,60680939
IVE,ELEVEN,247737946
24kgoldn Iann Dior,Mood (feat. Iann Dior),1699402402
Stephanie Beatriz Diane Guerrero,What Else Can I Do?,154797871
Trueno,DANCE CRIP,198883004
David Kushner,Miserable Man,124407432
Olivia Rodrigo,happier,850608354
Kanye West,Praise God,376333030
Doja Cat,Get Into It (Yuh),516784627
Lewis Capaldi,Before You Go,1608045237
Playboi Carti,Sky,506778838
Adele,Rolling in the Deep,1472799873
Maluma,Sobrio,513643924
Ed Sheeran Fireboy DML,Peru,261286503
Olivia Rodrigo,favorite crime,783706581
Prezioso Gabry Ponte LUM!X,Thunder,422691058
Tiï¿½ï¿,The Business,1062345656
Ariana Grande,positions,1252563873
Mï¿½ï¿½ne,I WANNA BE YOUR SLAVE,851070493
Marï¿½ï¿½lia Mendonï¿½ï¿½a George Henrique &,Vai Lï¿½ï¿½ Em Casa ,263894529
TWICE,The Feels,345903614
Giveon,HEARTBREAK ANNIVERSARY,951637566
Sean Paul Dua Lipa,No Lie,956865266
Charli XCX Jax Jones Joel Corry Saweetie,OUT OUT (feat. Charli XCX & Saweetie),427486004
SALES,Pope Is a Rockstar,156658366
Sleepy hallow,2055,624515457
Billie Eilish,Bored,777765388
Billie Eilish,Happier Than Ever - Edit,412795151
Masked Wolf,Astronaut In The Ocean,1138474110
Anuel Aa Jhay Cortez,Ley Seca,355219175
NIKI,Every Summertime,290228626
Bruno Mars,Talking To The Moon,1062956628
Tate McRae,you broke me first,1180094974
Avicii,The Nights,1456081449
The Weeknd,Take My Breath,432702334
Drake Future Young Thug,Way 2 Sexy (with Future & Young Thug),489945871
Rauw Alejandro,Cï¿½ï¿½,465959382
Imagine Dragons League of Legends Arcane,Enemy - from the series Arcane League of Legends,1223481149
Tones and I,Dance Monkey,2864791672
Juice WRLD,Lucid Dreams,2288695111
J Balvin Maria Becerra,Quï¿½ï¿½ Mï¿½ï¿,720825549
John Legend,All of Me,2086124197
Nirvana,Smells Like Teen Spirit - Remastered 2021,1690192927
Duncan Laurence,Arcade,991336132
Drake Travis Scott,Fair Trade (with Travis Scott),593917618
Tini L-Gante,Bar,200972675
SiM,The Rumbling (TV Size),71014967
Kendrick Lamar Baby Keem,family ties (with Kendrick Lamar),560222750
The Killers,Mr. Brightside,1806617704
ENHYPEN,Blessed-Cursed,77337771
J Balvin Nio Garcia Bad Bunny,AM Remix,528544703
Doja Cat,Streets,865640097
Lady Gaga Bradley Cooper,Shallow,2159346687
ENHYPEN,Polaroid Love,211372494
Marshmello Jonas Brothers,Leave Before You Love Me (with Jonas Brothers),651732901
BTS,Permission to Dance,608334048
Riton Nightcrawlers Mufasa & Hypeman Dopamine,Friday (feat. Mufasa & Hypeman) - Dopamine Re-Edit,863756573
Polo G,RAPSTAR,797402345
Eminem Nate Dogg,'Till I Collapse,1695712020
Maroon 5,Memories,1759567999
Arcangel De La Ghetto Justin Quiles Lenny Tavï¿½ï¿½rez Sech Dalex Dimelo Flow Rich Music,Se Le Ve,223319934
Gunna Lil Baby,25k jacket (feat. Lil Baby),54937991
Katy Perry Alesso,When Iï¿½ï¿½ï¿½m Gone (with Katy ,226897599
Marï¿½ï¿½lia Mendonï¿½ï¿½a Maiara &,Esqueï¿½ï¿½a-Me Se For C,258316038
Tini Maria Becerra,Miï¿½ï¿½n,596152090
Anuel Aa Myke Towers Jhay Cortez,Sï¿½ï¿½,177129919
Karol G Becky G,MAMIII,716591492
Dr. Dre Snoop Dogg,Still D.R.E.,1210599487
Jung Kook,Stay Alive (Prod. SUGA of BTS),246376690
Dove Cameron,Boyfriend,496311364
Ed Sheeran Taylor Swift,The Joker And The Queen (feat. Taylor Swift),146789379
Dr. Dre Snoop Dogg,The Next Episode,843309044
Charlie Puth,Light Switch,500340342
Kanye West Alicia Keys Fivio Foreign,City of Gods,107255472
Mahmood Blanco,Brividi,135079152
Frank Ocean,Lost,822239726
50 Cent,In Da Club,1202722675
Tate McRae,she's all i wanna be,343197054
Yung Lean,Ginseng Strip 2002,240769997
Labrinth Zendaya,All For Us - from the HBO Original Series Euphoria,426204830
The Rare Occasions,Notion,421135627
Labrinth,Formula,554875730
Labrinth,Mount Everest,467727006
Intense AP Dhillon Gurinder Gill,Excuses,327498031
Juice WRLD,Cigarettes,185408548
Quevedo La Pantera Juseph Cruz Cafunï¿½ï¿½ Bï¿½ï¿½jo Abhir Hathi,Cayï¿½ï¿½ La Noche (feat. Cruz Cafunï¿½ï¿½ Abhir Hathi Bejo EL IMA),245400167
Dr. Dre 2Pac Roger,California Love - Original Version (Explicit),579395142
Eminem Dr. Dre,Forgot About Dre,675039469
Luude Colin Hay,Down Under (feat. Colin Hay),252871192
Ryan Castro,Mujeriego,231996128
Kendrick Lamar,HUMBLE.,1929770265
Eminem Dido,Stan,918915401
GODZZ__- Zakaria,Contection,1180896317
Chase Atlantic,Swim,498960285
Bad Bunny,A Tu Merced,685071800
Em Beihold,Numb Little Bug,258714692
Mainstreet Chefin,212,143139338
Alvaro Diaz Rauw Alejandro,Problemï¿½,209768491
Nicki Minaj Lil Baby,Bussin,64714573
Future,Worst Day,50746620
Zï¿½ï¿½ Fe,Malvada,154119539
Muni Long,Hrs and Hrs,181328253
Vundabar,Alien Blues,370068639
Ed Sheeran,Thinking Out Loud,2280566092
Labrinth,Still Don't Know My Name,563902868
V,Christmas Tree,317622165
Marï¿½ï¿½lia Mendonï¿½ï¿½a Hugo & G,Mal Feito - Ao Vivo,291709698
Labrinth,When I R.I.P.,203680270
Nicki Minaj Lil Baby,Do We Have A Problem?,81350745
Labrinth,Forever,282883169
Eminem Dr. Dre,Gospel (with Eminem),64787943
Shawn Mendes Camila Cabello,Seï¿½ï¿½o,2484812918
Tyler The Creator,NEW MAGIC WAND,461437791
Harry Styles,Adore You,1439191367
Daddy Yankee Bad Bunny,La Santa,759208783
Nirvana,Something In The Way - Remastered 2021,368646862
Dua Lipa Megan Thee Stallion,Sweetest Pie,299634472
Camila Cabello Ed Sheeran,Bam Bam (feat. Ed Sheeran),756907987
Cris Mj,Una Noche en Medellï¿½,682475162
Anitta,Envolver,546191065
Dave,Starlight,229473310
Tulus,Hati-Hati di Jalan,202677468
Labrinth,"I'm Tired - From ""Euphoria"" An Original HBO Series",121913181
Mc Pedrinho Pedro Sampaio,DANï¿½ï¿½A,208166039
Zion & Lennox,Yo Voy (feat. Daddy Yankee),527033089
Residente Bizarrap,Residente: Bzrp Music Sessions Vol. 49,94616487
Ryan Castro,Jordan,394030335
Jack Harlow,Nail Tech,193443895
Eden Muï¿½ï,Chale,299648208
Treasure,DARARI,182978249
Christian Nodal,Ya No Somos Ni Seremos,319757142
Kevin Gates Juicy J,Thinking with My Dick,109091573
Tyga Doja Cat,Freaky Deaky,153240879
JVKE,this is what falling in love feels like,346127840
Bad Bunny,La Zona,312622938
Queen,Bohemian Rhapsody - Remastered 2011,2197010679
XXXTENTACION,Hope,1200808494
Dua Lipa,Levitating,797196073
Avicii,Wake Me Up - Radio Edit,1970673297
Olivia Rodrigo,jealousy jealousy,665765558
YEAT,Monï¿½ï¿½y so,263779030
C. Tangana,Demasiadas Mujeres,339473453
The Chainsmokers Coldplay,Something Just Like This,2204080728
The Chainsmokers Halsey,Closer,2591224264
NMIXX,O.O,135444283
Gotye Kimbra,Somebody That I Used To Know,1457139296
AnnenMayKantereit Giant Rooks,Tom's Diner,236872197
Jack Harlow,First Class,694525298
Paulo Londra,Plan A,240661097
Danny Ocean,Fuera del mercado,421365166
Daddy Yankee Bad Bunny,X ï¿½ï¿½LTIMA,349746291
Shawn Mendes,When You're Gone,255120451
Lil Tjay,In My Head,190981339
Willow,Wait a Minute!,924193303
IVE,LOVE DIVE,305771063
Feid Alejo Robi,Pantysito,273005485
Paulo Londra,Chance,89566512
Demi Lovato,Cool for the Summer,677389855
Camila Cabello Willow,psychofreak (feat. WILLOW),75476209
Troye Sivan,Angel Baby,408843328
Matuï¿½ï¿½ Wiu ,Vampiro,187772591
De La Ghetto Duki Quevedo,Si Quieren Frontear,178512385
Lil Baby,Right On,101780047
Ak4:20 Cris Mj Pailita,Me Arrepentï¿,118381354
Charlie Puth,That's Hilarious,146363130
Yahritza Y Su Esencia,Soy El Unico,126443991
Daddy Yankee,RUMBATï¿½,157990698
Luï¿½ï¿½sa Sonza MC Frog Dj Gabriel do Borel Davi K,sentaDONA (Remix) s2,176290831
Harry Styles,Falling,1023187129
Ed Sheeran J Balvin,Sigue,106933107
teto,Fim de Semana no Rio,139193812
Stray Kids,MANIAC,212234990
Shawn Mendes,There's Nothing Holdin' Me Back,1714490998
Blackbear BoyWithUke,IDGAF (with blackbear),197643795
Harry Styles,Golden,807015863
Pharrell Williams Nile Rodgers Daft Punk,Get Lucky - Radio Edit,933815613
Doja Cat,Ain't Shit,499710590
Jordan Fisher Josh Levi Finneas O'Connell 4*TOWN (From Disney and Pixarï¿½ï¿½ï¿½s Turning Red) Topher Ngo Grayson Vill,"Nobody Like U - From ""Turning Red""",120847157
BIGBANG,Still Life,53909146
Ed Sheeran,Photograph,2236667932
Justin Bieber,Love Yourself,2123309722
Kendrick Lamar,N95,301242089
Lizzo,About Damn Time,723894473
Kendrick Lamar Blxst Amanda Reifer,Die Hard,237351106
Bad Bunny,Despuï¿½ï¿½s de la P,461558540
Bad Bunny,Un Ratito,417230415
Kendrick Lamar,United In Grief,156898322
Kendrick Lamar Sampha,Father Time (feat. Sampha),127309180
Bad Bunny,Yo No Soy Celoso,313113297
Kendrick Lamar,Rich Spirit,173702135
Post Malone Roddy Ricch,Cooped Up (with Roddy Ricch),271666301
Bad Bunny,Me Fui de Vacaciones,305650299
Kendrick Lamar Kodak Black,Silent Hill,123216717
Tony Dize Bad Bunny,La Corriente,479655659
Kendrick Lamar,Count Me Out,126191104
Buscabulla Bad Bunny,Andrea,344055883
Bad Bunny,Dos Mil 16,338422004
Kendrick Lamar Taylour Paige,We Cry Together,68895644
Kendrick Lamar Sam Dew Baby Keem,Savior,86176890
Bad Bunny,Un Coco,403231558
Bad Bunny The Marï¿½ï,Otro Atardecer,319546754
Kendrick Lamar,Worldwide Steppers,61739839
Bad Bunny,Aguacero,283359161
Kendrick Lamar Ghostface Killah Summer Walker,Purple Hearts,76831876
Bad Bunny,Un Verano Sin Ti,283332261
Polima WestCoast Pailita,ULTRA SOLO,307752576
Bad Bunny,Ensï¿½ï¿½ï¿½ï¿½ame ,279737940
Bad Bunny,El Apagï¿½,212351890
Bad Bunny Tainy,Callaita,1304313953
Jack Harlow,Dua Lipa,150500965
Bad Bunny,Agosto,246127838
Panic! At The Disco,House Of Memories,582863434
Kendrick Lamar Tanna Leone,Mr. Morale,58687425
PSY Suga,That That (prod. & feat. SUGA of BTS),212109195
Benson Boone,In The Stars,382199619
Kendrick Lamar,Rich - Interlude,41210087
Mï¿½ï¿½ne,SUPERMODEL,231657891
KALUSH,Stefania (Kalush Orchestra),53729194
The Kid Laroi,Thousand Miles,244741137
Kendrick Lamar,Crown,42485571
Kendrick Lamar,Auntie Diaries,37778188
Future,PUFFIN ON ZOOTIEZ,254218729
Kendrick Lamar,Mirror,53603447
Luciano,Beautiful Girl,160035717
Bizarrap Paulo Londra,Paulo Londra: Bzrp Music Sessions Vol. 23,164163229
Kendrick Lamar,Savior - Interlude,37091576
Shae Gill Ali Sethi,Pasoori,284249832
Kendrick Lamar Beth Gibbons,Mother I Sober (feat. Beth Gibbons of Portishead),33381454
Sech Mora,TUS Lï¿½ï¿½GR,184622518
MNEK Jax Jones,Where Did You Go?,300983101
Ugly Dray Tesla Jnr,I Tried to Tell Y'all,121077868
Justin Bieber Don Toliver,Honest (feat. Don Toliver),106919680
Jessi,ZOOM,136996305
Chanel,SloMo,65719930
LE SSERAFIM,FEARLESS,229497852
Leah Kate,10 Things I Hate About You,185550869
Sam Ryder,SPACE MAN,54682594
HA SUNG WOON Jimin,With you,240580042
The Goo Goo Dolls,Iris,1284942608
Kendrick Lamar,The Heart Part 5,71423324
Kevin Kaarl,San Lucas,244891912
Taylor Swift,This Love (Taylorï¿½ï¿½ï¿½s Ve,132171975
Suki Waterhouse,Good Looking,184706613
Lauren Spencer Smith,Flowers,184826429
BTS,Yet To Come,302006641
BTS,Run BTS,330881149
Harry Styles,Music For a Sushi Restaurant,334733572
Harry Styles,Matilda,366214458
BTS,For Youth,114546317
Harry Styles,Daylight,290833204
Doja Cat,Vegas (From the Original Motion Picture Soundtrack ELVIS),448500832
Pharrell Williams Tyler The Creator 21 Savage,Cash In Cash Out,136676504
Calvin Harris Dua Lipa Young Thug,Potion (with Dua Lipa & Young Thug),190625045
BTS,Born Singer,79095270
Harry Styles,Little Freak,273194684
Nengo Flow Anuel Aa Chris Jedi Chencho Corleone,La Llevo Al Cielo (Ft. ï¿½ï¿½engo F,333146475
Kanye West XXXTENTACION,True Love,194902696
Harry Styles,Satellite,311482393
Musical Youth,Pass The Dutchie,195918494
Bizarrap Villano Antillano,Villano Antillano: Bzrp Music Sessions Vol. 51,248511839
Harry Styles,Love Of My Life,233671263
Harry Styles,Grapejuice,199587884
Halsey,So Good,91781263
BYOR Imanbek,Belly Dancer,383835984
Harry Styles,Keep Driving,236060709
Harry Styles,Cinema,189236868
Sleepy hallow 347aidan,Die Young (feat. 347aidan),160845341
Paloma Faith,Only Love Can Hurt Like This,588955257
Lady Gaga,Hold My Hand,238350348
Harry Styles,Daydreaming,187703102
Marshmello Khalid,Numb,295307001
Ozuna Tiago pzk,Nos Comemos (feat. Ozuna),138334433
Childish Gambino,Me and Your Mama,445590495
David Guetta Ella Henderson Becky Hill,Crazy What Love Can Do,286739476
Joji,SLOW DANCING IN THE DARK,1122364376
Duki,Antes de Perderte,157136970
Harry Styles,Boyfriends,137070925
Sidhu Moose Wala,295,183273246
Keisya Levronka,Tak Ingin Usai,184807630
Victor Cibrian,En El Radio Un Cochinero,164856284
Metallica,Master of Puppets (Remastered),704171068
Beyoncï¿,BREAK MY SOUL,354614964
De La Ghetto Feid Polima WestCoast Paloma Mami Pailita,ULTRA SOLO REMIX,279717388
Drake,Massive,195628667
Yung Gravy,Betty (Get Money),221752937
Lasso,Ojos Marrones,263280370
Nayeon,POP!,213505179
Schï¿½ï¿½rze DJ R,Layla,130419412
j-hope,MORE,155795783
Guns N' Roses,Sweet Child O' Mine,1553497987
Burna Boy,Last Last,293466523
Rosa Linn,SNAP,711366595
Drake,Sticky,191448892
Kanye West Lil Durk Cardi B,Hot Shit (feat. Ye & Lil Durk),85924992
L7nnon DJ Biel do Furduncinho Bianca,Ai Preto,176103902
Anitta Tini Becky G,La Loto,121189256
Nessa Barrett,die first,131746175
LF System,Afraid To Feel,244790012
Mc Vitin Da Igrejinha MC Tairon DJ Win,Baile no Morro,129314708
Rels B,cï¿½ï¿½mo dormi,331511413
Snoop Dogg BTS Benny Blanco,Bad Decisions (with BTS & Snoop Dogg),219196651
Drake DJ Khaled Lil Baby,STAYING ALIVE (feat. Drake & Lil Baby),170732845
Luar La L,Caile,273914335
Feid,Si Te La Encuentras Por Ahï¿,179061440
Duki,GIVENCHY,185236961
Beyoncï¿,ALIEN SUPERSTAR,171788484
Ghost,Mary On A Cross,387080183
NewJeans,Attention,264717480
Rex Orange County,THE SHADE,244928911
Sofia Carson,"Come Back Home - From ""Purple Hearts""",97610446
Grupo Marca Registrada Junior H,El Rescate,287278853
Kanye West,Heartless,887906111
Calvin Harris Halsey Pharrell Williams Justin Timberlake,Stay With Me (with Justin Timberlake Halsey & Pharrell),123473120
Peso Pluma Luis R Conriquez,Siempre Pendientes,295152154
Luis R Conriquez La Adictiva,JGL,323455692
David Guetta Shakira Black Eyed Peas,Don't You Worry,240918092
Melody Ana Castela Dj Chris No Beat,Pipoco,191873381
Elton John Britney Spears,Hold Me Closer,284216603
Lewis Capaldi,Forget Me,239411309
IVE,After LIKE,265548837
Kanye West,Bound 2,703301727
Interplanetary Criminal Eliza Rose,B.O.T.A. (Baddest Of Them All) - Edit,244585109
TWICE,Talk that Talk,189476119
Armani White,BILLIE EILISH.,277132266
Feid,Ferxxo 100,278920007
Oxlade,KU LO SA - A COLORS SHOW,222410722
Feid,Prohibidox,185392587
Steve Lacy,Static,202452860
Coldplay,The Scientist,1608164312
Coldplay,Sparks,624101957
YEAT,Talk,148461629
Yandel Feid,XQ Te Pones Asï¿,47093942
PnB Rock,Selfish,380319238
Ovy On The Drums Quevedo,Sin Seï¿½ï,209106362
Feid,Lady Mi Amor,53987404
Lil Yachty,Poland,115331792
Mï¿½ï¿½ne,THE LONELIEST,225093344
Marshmello Juice WRLD,Bye Bye,84697729
Fran C Polima WestCoast Nickoog Clk Pablito Pesadilla,BABY OTAKU,159240673
(G)I-DLE,Nxde,170709584
Southstar,Miss You,154356956
girl in red,we fell in love in october,723043854
Lizzo,2 Be Loved (Am I Ready),247689123
Ed Sheeran,Celestial,176474912
BLACKPINK,Typa Girl,235549288
Rosa Walton Hallie Coggins,I Really Want to Stay at Your House,140430339
Lil Baby,California Breeze,85559365
Luciano Aitch Bï¿½,Bamba (feat. Aitch & BIA),146223492
MC Ryan SP Love Funk Mc Paiva ZS,Casei Com a Putaria,187701588
Drake 21 Savage,Major Distribution,154863153
Drake Travis Scott 21 Savage,Pussy & Millions (feat. Travis Scott),191333656
Taylor Swift,Vigilante Shit,253650850
Taylor Swift,Question...?,223064273
Drake 21 Savage,On BS,170413877
Taylor Swift,Mastermind,218320587
Drake 21 Savage,Circo Loco,141720999
Taylor Swift,Labyrinth,187339835
Drake 21 Savage,Spin Bout U,198365537
Taylor Swift,Sweet Nothing,186104310
Taylor Swift,Would've Could've Should've,177503916
Ludwig Goransson Foudeqush,Con La Brisa,71095708
Drake 21 Savage,Privileged Rappers,112436403
Jin,The Astronaut,203436468
Drake,BackOutsideBoyz,93367537
Drake 21 Savage,Broke Boys,106249219
Taylor Swift,The Great War,181382590
Selena Gomez,My Mind & Me,91473363
Taylor Swift,Bigger Than The Whole Sky,121871870
Feid Paulo Londra,A Veces (feat. Feid),73513683
Feid Sech Jhayco,En La De Ella,133895612
Burna Boy,Alone,96007391
Peso Pluma,AMG,345600
